hCoV-19,21A (Delta)
hCoV-19,21K (Omicron)
hCoV-19,21A (Delta)
hCoV-19,21A (Delta)
hCoV-19,21A (Delta)
hCoV-19,21A (Delta)
hCoV-19,21A (Delta)
hCoV-19,21A (Delta)
hCoV-19,21A (Delta)
hCoV-19,21A (Delta)
hCoV-19,21A (Delta)
hCoV-19,21A (Delta)
hCoV-19,21A (Delta)
hCoV-19,21A (Delta)
hCoV-19,21A (Delta)
hCoV-19,21A (Delta)
hCoV-19,21A (Delta)
hCoV-19,21A (Delta)
hCoV-19,21A (Delta)
hCoV-19,21A (Delta)
hCoV-19,21K (Omicron)
hCoV-19,21K (Omicron)
hCoV-19,21K (Omicron)
hCoV-19,21K (Omicron)
hCoV-19,21K (Omicron)
hCoV-19,21K (Omicron)
hCoV-19,21K (Omicron)
hCoV-19,21K (Omicron)
hCoV-19,21A (Delta)
hCoV-19,21A (Delta)
hCoV-19,21K (Omicron)
hCoV-19,21K (Omicron)
hCoV-19,21A (Delta)
hCoV-19,21A (Delta)
hCoV-19,21A (Delta)
hCoV-19,21K (Omicron)
hCoV-19,21K (Omicron)
hCoV-19,21K (Omicron)
hCoV-19,21K (Omicron)
hCoV-19,21K (Omicron)
hCoV-19,21K (Omicron)
hCoV-19,21K (Omicron)
hCoV-19,21K (Omicron)
hCoV-19,21K (Omicron)
hCoV-19,21K (Omicron)
hCoV-19,21K (Omicron)
hCoV-19,21K (Omicron)
hCoV-19,21K (Omicron)
hCoV-19,21K (Omicron)
hCoV-19,21K (Omicron)
hCoV-19,21K (Omicron)
hCoV-19,21K (Omicron)
hCoV-19,21K (Omicron)
hCoV-19,21K (Omicron)
hCoV-19,21K (Omicron)
hCoV-19,21K (Omicron)
hCoV-19,21K (Omicron)
hCoV-19,21K (Omicron)
hCoV-19,21K (Omicron)
hCoV-19,21K (Omicron)
hCoV-19,21A (Delta)
hCoV-19,21L (Omicron)
hCoV-19,21L (Omicron)
hCoV-19,21A (Delta)
hCoV-19,21A (Delta)
hCoV-19,21L (Omicron)
hCoV-19,21L (Omicron)
hCoV-19,21L (Omicron)
hCoV-19,21L (Omicron)
hCoV-19,21K (Omicron)
hCoV-19,21K (Omicron)
hCoV-19,21K (Omicron)
hCoV-19,21K (Omicron)
hCoV-19,21K (Omicron)
hCoV-19,21K (Omicron)
hCoV-19,21K (Omicron)
hCoV-19,21L (Omicron)
hCoV-19,21K (Omicron)
hCoV-19,21K (Omicron)
hCoV-19,21L (Omicron)
hCoV-19,21L (Omicron)
hCoV-19,21L (Omicron)
hCoV-19,21K (Omicron)
hCoV-19,21L (Omicron)
hCoV-19,21L (Omicron)
hCoV-19,21L (Omicron)
hCoV-19,21L (Omicron)
hCoV-19,21L (Omicron)
hCoV-19,21K (Omicron)
hCoV-19,21L (Omicron)
hCoV-19,21L (Omicron)
hCoV-19,21L (Omicron)
hCoV-19,21K (Omicron)
hCoV-19,21L (Omicron)
hCoV-19,21L (Omicron)
hCoV-19,21L (Omicron)
hCoV-19,21L (Omicron)
hCoV-19,21L (Omicron)
hCoV-19,21L (Omicron)
hCoV-19,21L (Omicron)
hCoV-19,21L (Omicron)
hCoV-19,21L (Omicron)
hCoV-19,21L (Omicron)
hCoV-19,21L (Omicron)
hCoV-19,21L (Omicron)
hCoV-19,21L (Omicron)
hCoV-19,21L (Omicron)
hCoV-19,21L (Omicron)
hCoV-19,21L (Omicron)
hCoV-19,21L (Omicron)
hCoV-19,21L (Omicron)
hCoV-19,21L (Omicron)
hCoV-19,21K (Omicron)
hCoV-19,21L (Omicron)
hCoV-19,21L (Omicron)
hCoV-19,21L (Omicron)
hCoV-19,21K (Omicron)
hCoV-19,21L (Omicron)
hCoV-19,21L (Omicron)
hCoV-19,21K (Omicron)
hCoV-19,21L (Omicron)
hCoV-19,21L (Omicron)
hCoV-19,21L (Omicron)
hCoV-19,21L (Omicron)
hCoV-19,21L (Omicron)
hCoV-19,21L (Omicron)
hCoV-19,21L (Omicron)
hCoV-19,21L (Omicron)
hCoV-19,21L (Omicron)
hCoV-19,21L (Omicron)
hCoV-19,21L (Omicron)
hCoV-19,21L (Omicron)
hCoV-19,21L (Omicron)
hCoV-19,21L (Omicron)
hCoV-19,21L (Omicron)
hCoV-19,21L (Omicron)
hCoV-19,21L (Omicron)
hCoV-19,21L (Omicron)
hCoV-19,21L (Omicron)
hCoV-19,21L (Omicron)
hCoV-19,21L (Omicron)
hCoV-19,21L (Omicron)
hCoV-19,21L (Omicron)
hCoV-19,21L (Omicron)
hCoV-19,21L (Omicron)
hCoV-19,21L (Omicron)
hCoV-19,21L (Omicron)
hCoV-19,21L (Omicron)
hCoV-19,21L (Omicron)
hCoV-19,21L (Omicron)
hCoV-19,21L (Omicron)
hCoV-19,21L (Omicron)
hCoV-19,21L (Omicron)
hCoV-19,21L (Omicron)
hCoV-19,21L (Omicron)
hCoV-19,21L (Omicron)
hCoV-19,21L (Omicron)
hCoV-19,21L (Omicron)
hCoV-19,21L (Omicron)
hCoV-19,21L (Omicron)
hCoV-19,21L (Omicron)
hCoV-19,21L (Omicron)
hCoV-19,21L (Omicron)
hCoV-19,21L (Omicron)
hCoV-19,21L (Omicron)
hCoV-19,21L (Omicron)
hCoV-19,21L (Omicron)
hCoV-19,21L (Omicron)
hCoV-19,21L (Omicron)
hCoV-19,21L (Omicron)
hCoV-19,21L (Omicron)
hCoV-19,21L (Omicron)
hCoV-19,21L (Omicron)
hCoV-19,21K (Omicron)
hCoV-19,21L (Omicron)
hCoV-19,21L (Omicron)
hCoV-19,21L (Omicron)
hCoV-19,UNKNOWN
hCoV-19,UNKNOWN
hCoV-19,20A/S:439K
hCoV-19,20A/S:439K
hCoV-19,20A/S:439K
hCoV-19,20A/S:439K
hCoV-19,20A/S:439K
hCoV-19,20A/S:439K
hCoV-19,20A/S:439K
hCoV-19,UNKNOWN
hCoV-19,20A/S:439K
hCoV-19,20A/S:439K
hCoV-19,20A/S:439K
hCoV-19,20A/S:439K
hCoV-19,20A/S:439K
hCoV-19,UNKNOWN
hCoV-19,20A/S:439K
hCoV-19,20A/S:439K
hCoV-19,20A/S:439K
hCoV-19,20A/S:439K
hCoV-19,UNKNOWN
hCoV-19,20A/S:439K
hCoV-19,20A/S:439K
hCoV-19,20A/S:439K
hCoV-19,20A/S:439K
hCoV-19,20A/S:439K
hCoV-19,UNKNOWN
hCoV-19,UNKNOWN
hCoV-19,20A/S:439K
hCoV-19,20A/S:439K
hCoV-19,20A/S:439K
hCoV-19,20A/S:439K
hCoV-19,20A/S:439K
hCoV-19,20A/S:439K
hCoV-19,UNKNOWN
hCoV-19,UNKNOWN
hCoV-19,20A/S:439K
hCoV-19,"20I (Alpha, V1)"
hCoV-19,20A/S:439K
hCoV-19,20A/S:439K
hCoV-19,20A/S:439K
hCoV-19,20A/S:439K
hCoV-19,UNKNOWN
hCoV-19,20A/S:439K
hCoV-19,20A/S:439K
hCoV-19,20A/S:439K
hCoV-19,20A/S:439K
hCoV-19,20A/S:439K
hCoV-19,20A/S:439K
hCoV-19,UNKNOWN
hCoV-19,20A/S:439K
hCoV-19,20A/S:439K
hCoV-19,UNKNOWN
hCoV-19,20A/S:439K
hCoV-19,20A/S:439K
hCoV-19,UNKNOWN
hCoV-19,UNKNOWN
hCoV-19,UNKNOWN
hCoV-19,UNKNOWN
hCoV-19,UNKNOWN
hCoV-19,UNKNOWN
hCoV-19,UNKNOWN
hCoV-19,UNKNOWN
hCoV-19,UNKNOWN
hCoV-19,UNKNOWN
hCoV-19,UNKNOWN
hCoV-19,UNKNOWN
hCoV-19,UNKNOWN
hCoV-19,UNKNOWN
hCoV-19,UNKNOWN
hCoV-19,UNKNOWN
hCoV-19,UNKNOWN
hCoV-19,UNKNOWN
hCoV-19,UNKNOWN
hCoV-19,UNKNOWN
hCoV-19,UNKNOWN
hCoV-19,UNKNOWN
hCoV-19,UNKNOWN
hCoV-19,UNKNOWN
hCoV-19,UNKNOWN
hCoV-19,UNKNOWN
hCoV-19,UNKNOWN
hCoV-19,UNKNOWN
hCoV-19,UNKNOWN
hCoV-19,UNKNOWN
hCoV-19,UNKNOWN
hCoV-19,UNKNOWN
hCoV-19,"20I (Alpha, V1)"
hCoV-19,"20I (Alpha, V1)"
hCoV-19,20A/S:439K
hCoV-19,20A/S:439K
hCoV-19,"20I (Alpha, V1)"
hCoV-19,20A/S:439K
hCoV-19,"20I (Alpha, V1)"
hCoV-19,"20I (Alpha, V1)"
hCoV-19,20A/S:439K
hCoV-19,20A/S:439K
hCoV-19,UNKNOWN
hCoV-19,"20I (Alpha, V1)"
hCoV-19,"20I (Alpha, V1)"
hCoV-19,"20I (Alpha, V1)"
hCoV-19,"20I (Alpha, V1)"
hCoV-19,"20I (Alpha, V1)"
hCoV-19,20A/S:439K
hCoV-19,20A/S:439K
hCoV-19,20A/S:439K
hCoV-19,20A/S:439K
hCoV-19,"20I (Alpha, V1)"
hCoV-19,"20I (Alpha, V1)"
hCoV-19,20A/S:439K
hCoV-19,"20I (Alpha, V1)"
hCoV-19,"20I (Alpha, V1)"
hCoV-19,"20I (Alpha, V1)"
hCoV-19,"20I (Alpha, V1)"
hCoV-19,"20I (Alpha, V1)"
hCoV-19,"20I (Alpha, V1)"
hCoV-19,21D (Eta)
hCoV-19,UNKNOWN
hCoV-19,UNKNOWN
hCoV-19,UNKNOWN
hCoV-19,UNKNOWN
hCoV-19,UNKNOWN
hCoV-19,UNKNOWN
hCoV-19,UNKNOWN
hCoV-19,UNKNOWN
hCoV-19,UNKNOWN
hCoV-19,UNKNOWN
hCoV-19,UNKNOWN
hCoV-19,UNKNOWN
hCoV-19,UNKNOWN
hCoV-19,UNKNOWN
hCoV-19,UNKNOWN
hCoV-19,UNKNOWN
hCoV-19,UNKNOWN
hCoV-19,UNKNOWN
hCoV-19,UNKNOWN
hCoV-19,UNKNOWN
hCoV-19,UNKNOWN
hCoV-19,UNKNOWN
hCoV-19,UNKNOWN
hCoV-19,UNKNOWN
hCoV-19,UNKNOWN
hCoV-19,UNKNOWN
hCoV-19,UNKNOWN
hCoV-19,UNKNOWN
hCoV-19,UNKNOWN
hCoV-19,UNKNOWN
hCoV-19,UNKNOWN
hCoV-19,UNKNOWN
hCoV-19,UNKNOWN
hCoV-19,UNKNOWN
hCoV-19,UNKNOWN
hCoV-19,20A/S:439K
hCoV-19,UNKNOWN
hCoV-19,UNKNOWN
hCoV-19,20A/S:439K
hCoV-19,UNKNOWN
hCoV-19,UNKNOWN
hCoV-19,UNKNOWN
hCoV-19,UNKNOWN
hCoV-19,UNKNOWN
hCoV-19,20A/S:439K
hCoV-19,20A/S:439K
hCoV-19,UNKNOWN
hCoV-19,UNKNOWN
hCoV-19,UNKNOWN
hCoV-19,20A/S:439K
hCoV-19,UNKNOWN
hCoV-19,20A/S:439K
hCoV-19,UNKNOWN
hCoV-19,UNKNOWN
hCoV-19,UNKNOWN
hCoV-19,UNKNOWN
hCoV-19,UNKNOWN
hCoV-19,20A/S:439K
hCoV-19,UNKNOWN
hCoV-19,UNKNOWN
hCoV-19,20A/S:439K
hCoV-19,20A/S:439K
hCoV-19,UNKNOWN
hCoV-19,UNKNOWN
hCoV-19,20A/S:439K
hCoV-19,UNKNOWN
hCoV-19,UNKNOWN
hCoV-19,UNKNOWN
hCoV-19,20A/S:439K
hCoV-19,UNKNOWN
hCoV-19,UNKNOWN
hCoV-19,UNKNOWN
hCoV-19,20A/S:439K
hCoV-19,UNKNOWN
hCoV-19,UNKNOWN
hCoV-19,20A/S:439K
hCoV-19,UNKNOWN
hCoV-19,UNKNOWN
hCoV-19,20A/S:439K
hCoV-19,20A/S:439K
hCoV-19,UNKNOWN
hCoV-19,UNKNOWN
hCoV-19,20A/S:439K
hCoV-19,UNKNOWN
hCoV-19,20A/S:439K
hCoV-19,20A/S:439K
hCoV-19,UNKNOWN
hCoV-19,UNKNOWN
hCoV-19,UNKNOWN
hCoV-19,UNKNOWN
hCoV-19,20A/S:439K
hCoV-19,UNKNOWN
hCoV-19,UNKNOWN
hCoV-19,UNKNOWN
hCoV-19,20A/S:439K
hCoV-19,20A/S:439K
hCoV-19,20A/S:439K
hCoV-19,20A/S:439K
hCoV-19,20A/S:439K
hCoV-19,20A/S:439K
hCoV-19,20A/S:439K
hCoV-19,20A/S:439K
hCoV-19,20A/S:439K
hCoV-19,UNKNOWN
hCoV-19,20A/S:439K
hCoV-19,UNKNOWN
hCoV-19,20A/S:439K
hCoV-19,UNKNOWN
hCoV-19,UNKNOWN
hCoV-19,UNKNOWN
hCoV-19,20A/S:439K
hCoV-19,20A/S:439K
hCoV-19,20A/S:439K
hCoV-19,20A/S:439K
hCoV-19,20A/S:439K
hCoV-19,20A/S:439K
hCoV-19,20A/S:439K
hCoV-19,UNKNOWN
hCoV-19,20A/S:439K
hCoV-19,UNKNOWN
hCoV-19,UNKNOWN
hCoV-19,20A/S:439K
hCoV-19,UNKNOWN
hCoV-19,UNKNOWN
hCoV-19,20A/S:439K
hCoV-19,UNKNOWN
hCoV-19,UNKNOWN
hCoV-19,20A/S:439K
hCoV-19,UNKNOWN
hCoV-19,UNKNOWN
hCoV-19,UNKNOWN
hCoV-19,UNKNOWN
hCoV-19,UNKNOWN
hCoV-19,20A/S:439K
hCoV-19,UNKNOWN
hCoV-19,UNKNOWN
hCoV-19,20A/S:439K
hCoV-19,20A/S:439K
hCoV-19,20A/S:439K
hCoV-19,UNKNOWN
hCoV-19,UNKNOWN
hCoV-19,UNKNOWN
hCoV-19,UNKNOWN
hCoV-19,UNKNOWN
hCoV-19,UNKNOWN
hCoV-19,UNKNOWN
hCoV-19,UNKNOWN
hCoV-19,UNKNOWN
hCoV-19,20A/S:439K
hCoV-19,UNKNOWN
hCoV-19,UNKNOWN
hCoV-19,UNKNOWN
hCoV-19,UNKNOWN
hCoV-19,UNKNOWN
hCoV-19,UNKNOWN
hCoV-19,UNKNOWN
hCoV-19,UNKNOWN
hCoV-19,UNKNOWN
hCoV-19,UNKNOWN
hCoV-19,UNKNOWN
hCoV-19,UNKNOWN
hCoV-19,UNKNOWN
hCoV-19,UNKNOWN
hCoV-19,UNKNOWN
hCoV-19,UNKNOWN
hCoV-19,UNKNOWN
hCoV-19,UNKNOWN
hCoV-19,UNKNOWN
hCoV-19,UNKNOWN
hCoV-19,UNKNOWN
hCoV-19,UNKNOWN
hCoV-19,UNKNOWN
hCoV-19,UNKNOWN
hCoV-19,UNKNOWN
hCoV-19,UNKNOWN
hCoV-19,UNKNOWN
hCoV-19,"20I (Alpha, V1)"
hCoV-19,"20I (Alpha, V1)"
hCoV-19,"20I (Alpha, V1)"
hCoV-19,"20I (Alpha, V1)"
hCoV-19,"20I (Alpha, V1)"
hCoV-19,"20I (Alpha, V1)"
hCoV-19,"20I (Alpha, V1)"
hCoV-19,20A/S:439K
hCoV-19,"20I (Alpha, V1)"
hCoV-19,"20I (Alpha, V1)"
hCoV-19,"20I (Alpha, V1)"
hCoV-19,"20I (Alpha, V1)"
hCoV-19,"20I (Alpha, V1)"
hCoV-19,"20I (Alpha, V1)"
hCoV-19,"20I (Alpha, V1)"
hCoV-19,"20I (Alpha, V1)"
hCoV-19,"20I (Alpha, V1)"
hCoV-19,"20I (Alpha, V1)"
hCoV-19,"20I (Alpha, V1)"
hCoV-19,"20I (Alpha, V1)"
hCoV-19,"20I (Alpha, V1)"
hCoV-19,"20I (Alpha, V1)"
hCoV-19,20A/S:439K
hCoV-19,"20I (Alpha, V1)"
hCoV-19,"20I (Alpha, V1)"
hCoV-19,"20I (Alpha, V1)"
hCoV-19,"20I (Alpha, V1)"
hCoV-19,"20I (Alpha, V1)"
hCoV-19,"20I (Alpha, V1)"
hCoV-19,"20I (Alpha, V1)"
hCoV-19,20A/S:439K
hCoV-19,UNKNOWN
hCoV-19,UNKNOWN
hCoV-19,UNKNOWN
hCoV-19,UNKNOWN
hCoV-19,UNKNOWN
hCoV-19,20A/S:439K
hCoV-19,UNKNOWN
hCoV-19,UNKNOWN
hCoV-19,20A/S:439K
hCoV-19,20A/S:439K
hCoV-19,20A/S:439K
hCoV-19,UNKNOWN
hCoV-19,UNKNOWN
hCoV-19,UNKNOWN
hCoV-19,UNKNOWN
hCoV-19,UNKNOWN
hCoV-19,UNKNOWN
hCoV-19,UNKNOWN
hCoV-19,UNKNOWN
hCoV-19,20A/S:439K
hCoV-19,20A/S:439K
hCoV-19,UNKNOWN
hCoV-19,20A/S:439K
hCoV-19,UNKNOWN
hCoV-19,20A/S:439K
hCoV-19,20A/S:439K
hCoV-19,UNKNOWN
hCoV-19,UNKNOWN
hCoV-19,20A/S:439K
hCoV-19,UNKNOWN
hCoV-19,"20I (Alpha, V1)"
hCoV-19,"20I (Alpha, V1)"
hCoV-19,"20I (Alpha, V1)"
hCoV-19,"20I (Alpha, V1)"
hCoV-19,"20I (Alpha, V1)"
hCoV-19,"20I (Alpha, V1)"
hCoV-19,"20I (Alpha, V1)"
hCoV-19,"20I (Alpha, V1)"
hCoV-19,"20I (Alpha, V1)"
hCoV-19,"20I (Alpha, V1)"
hCoV-19,"20I (Alpha, V1)"
hCoV-19,"20I (Alpha, V1)"
hCoV-19,"20I (Alpha, V1)"
hCoV-19,"20I (Alpha, V1)"
hCoV-19,"20I (Alpha, V1)"
hCoV-19,"20I (Alpha, V1)"
hCoV-19,"20I (Alpha, V1)"
hCoV-19,"20I (Alpha, V1)"
hCoV-19,"20I (Alpha, V1)"
hCoV-19,"20I (Alpha, V1)"
hCoV-19,"20I (Alpha, V1)"
hCoV-19,"20I (Alpha, V1)"
hCoV-19,"20I (Alpha, V1)"
hCoV-19,"20I (Alpha, V1)"
hCoV-19,"20I (Alpha, V1)"
hCoV-19,"20I (Alpha, V1)"
hCoV-19,"20I (Alpha, V1)"
hCoV-19,"20I (Alpha, V1)"
hCoV-19,"20I (Alpha, V1)"
hCoV-19,"20I (Alpha, V1)"
hCoV-19,"20I (Alpha, V1)"
hCoV-19,UNKNOWN
hCoV-19,UNKNOWN
hCoV-19,UNKNOWN
hCoV-19,UNKNOWN
hCoV-19,UNKNOWN
hCoV-19,UNKNOWN
hCoV-19,UNKNOWN
hCoV-19,UNKNOWN
hCoV-19,UNKNOWN
hCoV-19,UNKNOWN
hCoV-19,UNKNOWN
hCoV-19,UNKNOWN
hCoV-19,UNKNOWN
hCoV-19,UNKNOWN
hCoV-19,UNKNOWN
hCoV-19,UNKNOWN
hCoV-19,UNKNOWN
hCoV-19,UNKNOWN
hCoV-19,UNKNOWN
hCoV-19,UNKNOWN
hCoV-19,UNKNOWN
hCoV-19,UNKNOWN
hCoV-19,UNKNOWN
hCoV-19,UNKNOWN
hCoV-19,UNKNOWN
hCoV-19,UNKNOWN
hCoV-19,UNKNOWN
hCoV-19,UNKNOWN
hCoV-19,UNKNOWN
hCoV-19,UNKNOWN
hCoV-19,UNKNOWN
hCoV-19,UNKNOWN
hCoV-19,"20I (Alpha, V1)"
hCoV-19,"20I (Alpha, V1)"
hCoV-19,"20I (Alpha, V1)"
hCoV-19,"20I (Alpha, V1)"
hCoV-19,"20I (Alpha, V1)"
hCoV-19,"20I (Alpha, V1)"
hCoV-19,"20I (Alpha, V1)"
hCoV-19,"20I (Alpha, V1)"
hCoV-19,"20I (Alpha, V1)"
hCoV-19,"20I (Alpha, V1)"
hCoV-19,"20I (Alpha, V1)"
hCoV-19,"20I (Alpha, V1)"
hCoV-19,"20I (Alpha, V1)"
hCoV-19,"20I (Alpha, V1)"
hCoV-19,"20I (Alpha, V1)"
hCoV-19,"20I (Alpha, V1)"
hCoV-19,"20I (Alpha, V1)"
hCoV-19,"20I (Alpha, V1)"
hCoV-19,"20I (Alpha, V1)"
hCoV-19,"20I (Alpha, V1)"
hCoV-19,"20I (Alpha, V1)"
hCoV-19,"20I (Alpha, V1)"
hCoV-19,21A (Delta)
hCoV-19,21A (Delta)
hCoV-19,21A (Delta)
hCoV-19,21A (Delta)
hCoV-19,21A (Delta)
hCoV-19,21A (Delta)
hCoV-19,21A (Delta)
hCoV-19,21A (Delta)
hCoV-19,21A (Delta)
hCoV-19,21A (Delta)
hCoV-19,21A (Delta)
hCoV-19,21A (Delta)
hCoV-19,21A (Delta)
hCoV-19,21A (Delta)
hCoV-19,21A (Delta)
hCoV-19,21A (Delta)
hCoV-19,21A (Delta)
hCoV-19,21A (Delta)
hCoV-19,21A (Delta)
hCoV-19,21A (Delta)
hCoV-19,21A (Delta)
hCoV-19,21A (Delta)
hCoV-19,21A (Delta)
hCoV-19,21A (Delta)
hCoV-19,21A (Delta)
hCoV-19,21A (Delta)
hCoV-19,21A (Delta)
hCoV-19,21A (Delta)
hCoV-19,21A (Delta)
hCoV-19,21A (Delta)
hCoV-19,21A (Delta)
hCoV-19,21A (Delta)
hCoV-19,21A (Delta)
hCoV-19,21A (Delta)
hCoV-19,21A (Delta)
hCoV-19,21A (Delta)
hCoV-19,21A (Delta)
hCoV-19,21A (Delta)
hCoV-19,21A (Delta)
hCoV-19,21A (Delta)
hCoV-19,21A (Delta)
hCoV-19,21A (Delta)
hCoV-19,21A (Delta)
hCoV-19,21A (Delta)
hCoV-19,21A (Delta)
hCoV-19,21A (Delta)
hCoV-19,21A (Delta)
hCoV-19,21A (Delta)
hCoV-19,21A (Delta)
hCoV-19,21A (Delta)
hCoV-19,21A (Delta)
hCoV-19,21A (Delta)
hCoV-19,21A (Delta)
hCoV-19,21A (Delta)
hCoV-19,21A (Delta)
hCoV-19,21A (Delta)
hCoV-19,21A (Delta)
hCoV-19,21A (Delta)
hCoV-19,21A (Delta)
hCoV-19,21A (Delta)
hCoV-19,21A (Delta)
hCoV-19,21A (Delta)
hCoV-19,21A (Delta)
hCoV-19,21A (Delta)
hCoV-19,21A (Delta)
hCoV-19,21A (Delta)
hCoV-19,21A (Delta)
hCoV-19,21A (Delta)
hCoV-19,21A (Delta)
hCoV-19,21A (Delta)
hCoV-19,21A (Delta)
hCoV-19,21A (Delta)
hCoV-19,21A (Delta)
hCoV-19,21A (Delta)
hCoV-19,21A (Delta)
hCoV-19,21A (Delta)
hCoV-19,UNKNOWN
hCoV-19,21A (Delta)
hCoV-19,21A (Delta)
hCoV-19,21A (Delta)
hCoV-19,21A (Delta)
hCoV-19,21A (Delta)
hCoV-19,21A (Delta)
hCoV-19,21A (Delta)
hCoV-19,21A (Delta)
hCoV-19,21A (Delta)
hCoV-19,21A (Delta)
hCoV-19,21A (Delta)
hCoV-19,21A (Delta)
hCoV-19,21A (Delta)
hCoV-19,21A (Delta)
hCoV-19,21A (Delta)
hCoV-19,21A (Delta)
hCoV-19,21A (Delta)
hCoV-19,21A (Delta)
hCoV-19,21A (Delta)
hCoV-19,21A (Delta)
hCoV-19,21A (Delta)
hCoV-19,21A (Delta)
hCoV-19,21A (Delta)
hCoV-19,21A (Delta)
hCoV-19,21A (Delta)
hCoV-19,21A (Delta)
hCoV-19,21A (Delta)
hCoV-19,21A (Delta)
hCoV-19,21A (Delta)
hCoV-19,21A (Delta)
hCoV-19,21A (Delta)
hCoV-19,21A (Delta)
hCoV-19,21A (Delta)
hCoV-19,21A (Delta)
hCoV-19,21A (Delta)
hCoV-19,21A (Delta)
hCoV-19,21A (Delta)
hCoV-19,21A (Delta)
hCoV-19,21A (Delta)
hCoV-19,21A (Delta)
hCoV-19,21A (Delta)
hCoV-19,21A (Delta)
hCoV-19,21A (Delta)
hCoV-19,21A (Delta)
hCoV-19,21A (Delta)
hCoV-19,21A (Delta)
hCoV-19,21A (Delta)
hCoV-19,21A (Delta)
hCoV-19,21A (Delta)
hCoV-19,21A (Delta)
hCoV-19,21A (Delta)
hCoV-19,21A (Delta)
hCoV-19,21A (Delta)
hCoV-19,21A (Delta)
